{
    "result": "success",
    "provider": "https://www.exchangerate-api.com",
    "documentation": "https://www.exchangerate-api.com/docs/free",
    "terms_of_use": "https://www.exchangerate-api.com/terms",
    "time_last_update_unix": 1711497751,
    "time_last_update_utc": "Wed, 27 Mar 2024 00:02:31 +0000",
    "time_next_update_unix": 1711585501,
    "time_next_update_utc": "Thu, 28 Mar 2024 00:25:01 +0000",
    "time_eol_unix": 0,
    "base_code": "USD",
    "rates": {
        "USD": 1,
        "AED": 3.6725,
        "AFN": 71.232498,
        "ALL": 94.87531,
        "AMD": 396.046501,
        "ANG": 1.79,
        "AOA": 843.469012,
        "ARS": 856.75,
        "AUD": 1.529492,
        "AWG": 1.79,
        "AZN": 1.700253,
        "BAM": 1.804852,
        "BBD": 2,
        "BDT": 109.749387,
        "BGN": 1.804518,
        "BHD": 0.376,
        "BIF": 2859.095581,
        "BMD": 1,
        "BND": 1.345222,
        "BOB": 6.90723,
        "BRL": 4.977723,
        "BSD": 1,
        "BTN": 83.340285,
        "BWP": 13.710768,
        "BYN": 3.260726,
        "BZD": 2,
        "CAD": 1.357409,
        "CDF": 2733.523741,
        "CHF": 0.903381,
        "CLP": 978.490087,
        "CNY": 7.234516,
        "COP": 3893.823267,
        "CRC": 502.977175,
        "CUP": 24,
        "CVE": 101.753241,
        "CZK": 23.330165,
        "DJF": 177.721,
        "DKK": 6.885133,
        "DOP": 59.109173,
        "DZD": 134.68486,
        "EGP": 47.76851,
        "ERN": 15,
        "ETB": 56.727635,
        "EUR": 0.922822,
        "FJD": 2.247859,
        "FKP": 0.791526,
        "FOK": 6.885133,
        "GBP": 0.791531,
        "GEL": 2.702676,
        "GGP": 0.791526,
        "GHS": 13.226443,
        "GIP": 0.791526,
        "GMD": 65.945733,
        "GNF": 8569.561888,
        "GTQ": 7.787423,
        "GYD": 209.329651,
        "HKD": 7.823444,
        "HNL": 24.663071,
        "HRK": 6.952884,
        "HTG": 133.100673,
        "HUF": 364.907145,
        "IDR": 15797.601148,
        "ILS": 3.664926,
        "IMP": 0.791526,
        "INR": 83.340302,
        "IQD": 1307.672187,
        "IRR": 42044.685033,
        "ISK": 137.55189,
        "JEP": 0.791526,
        "JMD": 153.551026,
        "JOD": 0.709,
        "JPY": 151.435943,
        "KES": 131.82157,
        "KGS": 89.510969,
        "KHR": 4043.447085,
        "KID": 1.52951,
        "KMF": 453.990957,
        "KRW": 1342.656544,
        "KWD": 0.307586,
        "KYD": 0.833333,
        "KZT": 450.543761,
        "LAK": 20646.482217,
        "LBP": 89500,
        "LKR": 301.847234,
        "LRD": 193.558565,
        "LSL": 18.963286,
        "LYD": 4.837271,
        "MAD": 10.104494,
        "MDL": 17.667254,
        "MGA": 4377.368952,
        "MKD": 56.628853,
        "MMK": 2100.832448,
        "MNT": 3367.539376,
        "MOP": 8.058147,
        "MRU": 39.853263,
        "MUR": 46.248492,
        "MVR": 15.442427,
        "MWK": 1729.875383,
        "MXN": 16.663322,
        "MYR": 4.719988,
        "MZN": 63.871,
        "NAD": 18.963286,
        "NGN": 1416.166195,
        "NIO": 36.780362,
        "NOK": 10.740799,
        "NPR": 133.344455,
        "NZD": 1.664026,
        "OMR": 0.384497,
        "PAB": 1,
        "PEN": 3.700162,
        "PGK": 3.77745,
        "PHP": 56.257997,
        "PKR": 278.22754,
        "PLN": 3.975772,
        "PYG": 7313.41352,
        "QAR": 3.64,
        "RON": 4.581202,
        "RSD": 108.007984,
        "RUB": 92.599565,
        "RWF": 1293.619285,
        "SAR": 3.75,
        "SBD": 8.508417,
        "SCR": 14.368961,
        "SDG": 449.660382,
        "SEK": 10.580247,
        "SGD": 1.345223,
        "SHP": 0.791526,
        "SLE": 22.602984,
        "SLL": 22602.983902,
        "SOS": 571.185276,
        "SRD": 35.253965,
        "SSP": 1586.236122,
        "STN": 22.608755,
        "SYP": 12896.072403,
        "SZL": 18.963286,
        "THB": 36.330281,
        "TJS": 10.942689,
        "TMT": 3.499953,
        "TND": 3.119225,
        "TOP": 2.345519,
        "TRY": 32.242627,
        "TTD": 6.776551,
        "TVD": 1.52951,
        "TWD": 31.896401,
        "TZS": 2544.522329,
        "UAH": 39.36045,
        "UGX": 3886.721667,
        "UYU": 37.796578,
        "UZS": 12718.551224,
        "VES": 36.334,
        "VND": 24798.477581,
        "VUV": 120.56562,
        "WST": 2.755746,
        "XAF": 605.321276,
        "XCD": 2.7,
        "XDR": 0.753577,
        "XOF": 605.321276,
        "XPF": 110.120326,
        "YER": 250.244499,
        "ZAR": 18.960627,
        "ZMW": 25.952748,
        "ZWL": 21298.102975
    }
}