

{
  "$schema": "http://json-schema.org/draft-04/schema#",
  "type": "object",
  "properties": {
    "result": {
      "type": "string"
    },
    "provider": {
      "type": "string"
    },
    "documentation": {
      "type": "string"
    },
    "terms_of_use": {
      "type": "string"
    },
    "time_last_update_unix": {
      "type": "integer"
    },
    "time_last_update_utc": {
      "type": "string"
    },
    "time_next_update_unix": {
      "type": "integer"
    },
    "time_next_update_utc": {
      "type": "string"
    },
    "time_eol_unix": {
      "type": "integer"
    },
    "base_code": {
      "type": "string"
    },
    "rates": {
      "type": "object",
      "properties": {
        "USD": {
          "type": "integer"
        },
        "AED": {
          "type": "number"
        },
        "AFN": {
          "type": "number"
        },
        "ALL": {
          "type": "number"
        },
        "AMD": {
          "type": "number"
        },
        "ANG": {
          "type": "number"
        },
        "AOA": {
          "type": "number"
        },
        "ARS": {
          "type": "number"
        },
        "AUD": {
          "type": "number"
        },
        "AWG": {
          "type": "number"
        },
        "AZN": {
          "type": "number"
        },
        "BAM": {
          "type": "number"
        },
        "BBD": {
          "type": "integer"
        },
        "BDT": {
          "type": "number"
        },
        "BGN": {
          "type": "number"
        },
        "BHD": {
          "type": "number"
        },
        "BIF": {
          "type": "number"
        },
        "BMD": {
          "type": "integer"
        },
        "BND": {
          "type": "number"
        },
        "BOB": {
          "type": "number"
        },
        "BRL": {
          "type": "number"
        },
        "BSD": {
          "type": "integer"
        },
        "BTN": {
          "type": "number"
        },
        "BWP": {
          "type": "number"
        },
        "BYN": {
          "type": "number"
        },
        "BZD": {
          "type": "integer"
        },
        "CAD": {
          "type": "number"
        },
        "CDF": {
          "type": "number"
        },
        "CHF": {
          "type": "number"
        },
        "CLP": {
          "type": "number"
        },
        "CNY": {
          "type": "number"
        },
        "COP": {
          "type": "number"
        },
        "CRC": {
          "type": "number"
        },
        "CUP": {
          "type": "integer"
        },
        "CVE": {
          "type": "number"
        },
        "CZK": {
          "type": "number"
        },
        "DJF": {
          "type": "number"
        },
        "DKK": {
          "type": "number"
        },
        "DOP": {
          "type": "number"
        },
        "DZD": {
          "type": "number"
        },
        "EGP": {
          "type": "number"
        },
        "ERN": {
          "type": "integer"
        },
        "ETB": {
          "type": "number"
        },
        "EUR": {
          "type": "number"
        },
        "FJD": {
          "type": "number"
        },
        "FKP": {
          "type": "number"
        },
        "FOK": {
          "type": "number"
        },
        "GBP": {
          "type": "number"
        },
        "GEL": {
          "type": "number"
        },
        "GGP": {
          "type": "number"
        },
        "GHS": {
          "type": "number"
        },
        "GIP": {
          "type": "number"
        },
        "GMD": {
          "type": "number"
        },
        "GNF": {
          "type": "number"
        },
        "GTQ": {
          "type": "number"
        },
        "GYD": {
          "type": "number"
        },
        "HKD": {
          "type": "number"
        },
        "HNL": {
          "type": "number"
        },
        "HRK": {
          "type": "number"
        },
        "HTG": {
          "type": "number"
        },
        "HUF": {
          "type": "number"
        },
        "IDR": {
          "type": "number"
        },
        "ILS": {
          "type": "number"
        },
        "IMP": {
          "type": "number"
        },
        "INR": {
          "type": "number"
        },
        "IQD": {
          "type": "number"
        },
        "IRR": {
          "type": "number"
        },
        "ISK": {
          "type": "number"
        },
        "JEP": {
          "type": "number"
        },
        "JMD": {
          "type": "number"
        },
        "JOD": {
          "type": "number"
        },
        "JPY": {
          "type": "number"
        },
        "KES": {
          "type": "number"
        },
        "KGS": {
          "type": "number"
        },
        "KHR": {
          "type": "number"
        },
        "KID": {
          "type": "number"
        },
        "KMF": {
          "type": "number"
        },
        "KRW": {
          "type": "number"
        },
        "KWD": {
          "type": "number"
        },
        "KYD": {
          "type": "number"
        },
        "KZT": {
          "type": "number"
        },
        "LAK": {
          "type": "number"
        },
        "LBP": {
          "type": "integer"
        },
        "LKR": {
          "type": "number"
        },
        "LRD": {
          "type": "number"
        },
        "LSL": {
          "type": "number"
        },
        "LYD": {
          "type": "number"
        },
        "MAD": {
          "type": "number"
        },
        "MDL": {
          "type": "number"
        },
        "MGA": {
          "type": "number"
        },
        "MKD": {
          "type": "number"
        },
        "MMK": {
          "type": "number"
        },
        "MNT": {
          "type": "number"
        },
        "MOP": {
          "type": "number"
        },
        "MRU": {
          "type": "number"
        },
        "MUR": {
          "type": "number"
        },
        "MVR": {
          "type": "number"
        },
        "MWK": {
          "type": "number"
        },
        "MXN": {
          "type": "number"
        },
        "MYR": {
          "type": "number"
        },
        "MZN": {
          "type": "number"
        },
        "NAD": {
          "type": "number"
        },
        "NGN": {
          "type": "number"
        },
        "NIO": {
          "type": "number"
        },
        "NOK": {
          "type": "number"
        },
        "NPR": {
          "type": "number"
        },
        "NZD": {
          "type": "number"
        },
        "OMR": {
          "type": "number"
        },
        "PAB": {
          "type": "integer"
        },
        "PEN": {
          "type": "number"
        },
        "PGK": {
          "type": "number"
        },
        "PHP": {
          "type": "number"
        },
        "PKR": {
          "type": "number"
        },
        "PLN": {
          "type": "number"
        },
        "PYG": {
          "type": "number"
        },
        "QAR": {
          "type": "number"
        },
        "RON": {
          "type": "number"
        },
        "RSD": {
          "type": "number"
        },
        "RUB": {
          "type": "number"
        },
        "RWF": {
          "type": "number"
        },
        "SAR": {
          "type": "number"
        },
        "SBD": {
          "type": "number"
        },
        "SCR": {
          "type": "number"
        },
        "SDG": {
          "type": "number"
        },
        "SEK": {
          "type": "number"
        },
        "SGD": {
          "type": "number"
        },
        "SHP": {
          "type": "number"
        },
        "SLE": {
          "type": "number"
        },
        "SLL": {
          "type": "number"
        },
        "SOS": {
          "type": "number"
        },
        "SRD": {
          "type": "number"
        },
        "SSP": {
          "type": "number"
        },
        "STN": {
          "type": "number"
        },
        "SYP": {
          "type": "number"
        },
        "SZL": {
          "type": "number"
        },
        "THB": {
          "type": "number"
        },
        "TJS": {
          "type": "number"
        },
        "TMT": {
          "type": "number"
        },
        "TND": {
          "type": "number"
        },
        "TOP": {
          "type": "number"
        },
        "TRY": {
          "type": "number"
        },
        "TTD": {
          "type": "number"
        },
        "TVD": {
          "type": "number"
        },
        "TWD": {
          "type": "number"
        },
        "TZS": {
          "type": "number"
        },
        "UAH": {
          "type": "number"
        },
        "UGX": {
          "type": "number"
        },
        "UYU": {
          "type": "number"
        },
        "UZS": {
          "type": "number"
        },
        "VES": {
          "type": "number"
        },
        "VND": {
          "type": "number"
        },
        "VUV": {
          "type": "number"
        },
        "WST": {
          "type": "number"
        },
        "XAF": {
          "type": "number"
        },
        "XCD": {
          "type": "number"
        },
        "XDR": {
          "type": "number"
        },
        "XOF": {
          "type": "number"
        },
        "XPF": {
          "type": "number"
        },
        "YER": {
          "type": "number"
        },
        "ZAR": {
          "type": "number"
        },
        "ZMW": {
          "type": "number"
        },
        "ZWL": {
          "type": "number"
        }
      },
      "required": [
        "USD",
        "AED",
        "AFN",
        "ALL",
        "AMD",
        "ANG",
        "AOA",
        "ARS",
        "AUD",
        "AWG",
        "AZN",
        "BAM",
        "BBD",
        "BDT",
        "BGN",
        "BHD",
        "BIF",
        "BMD",
        "BND",
        "BOB",
        "BRL",
        "BSD",
        "BTN",
        "BWP",
        "BYN",
        "BZD",
        "CAD",
        "CDF",
        "CHF",
        "CLP",
        "CNY",
        "COP",
        "CRC",
        "CUP",
        "CVE",
        "CZK",
        "DJF",
        "DKK",
        "DOP",
        "DZD",
        "EGP",
        "ERN",
        "ETB",
        "EUR",
        "FJD",
        "FKP",
        "FOK",
        "GBP",
        "GEL",
        "GGP",
        "GHS",
        "GIP",
        "GMD",
        "GNF",
        "GTQ",
        "GYD",
        "HKD",
        "HNL",
        "HRK",
        "HTG",
        "HUF",
        "IDR",
        "ILS",
        "IMP",
        "INR",
        "IQD",
        "IRR",
        "ISK",
        "JEP",
        "JMD",
        "JOD",
        "JPY",
        "KES",
        "KGS",
        "KHR",
        "KID",
        "KMF",
        "KRW",
        "KWD",
        "KYD",
        "KZT",
        "LAK",
        "LBP",
        "LKR",
        "LRD",
        "LSL",
        "LYD",
        "MAD",
        "MDL",
        "MGA",
        "MKD",
        "MMK",
        "MNT",
        "MOP",
        "MRU",
        "MUR",
        "MVR",
        "MWK",
        "MXN",
        "MYR",
        "MZN",
        "NAD",
        "NGN",
        "NIO",
        "NOK",
        "NPR",
        "NZD",
        "OMR",
        "PAB",
        "PEN",
        "PGK",
        "PHP",
        "PKR",
        "PLN",
        "PYG",
        "QAR",
        "RON",
        "RSD",
        "RUB",
        "RWF",
        "SAR",
        "SBD",
        "SCR",
        "SDG",
        "SEK",
        "SGD",
        "SHP",
        "SLE",
        "SLL",
        "SOS",
        "SRD",
        "SSP",
        "STN",
        "SYP",
        "SZL",
        "THB",
        "TJS",
        "TMT",
        "TND",
        "TOP",
        "TRY",
        "TTD",
        "TVD",
        "TWD",
        "TZS",
        "UAH",
        "UGX",
        "UYU",
        "UZS",
        "VES",
        "VND",
        "VUV",
        "WST",
        "XAF",
        "XCD",
        "XDR",
        "XOF",
        "XPF",
        "YER",
        "ZAR",
        "ZMW",
        "ZWL"
      ]
    }
  },
  "required": [
    "result",
    "provider",
    "documentation",
    "terms_of_use",
    "time_last_update_unix",
    "time_last_update_utc",
    "time_next_update_unix",
    "time_next_update_utc",
    "time_eol_unix",
    "base_code",
    "rates"
  ]
}

